date,count,uniques
2024-08-24,1,1
2024-11-16,1,1
2024-12-11,1,1
2025-01-10,1,1
2025-02-16,1,1
2025-02-21,1,1
2025-02-27,1,1
2025-03-09,2,2
2025-03-23,1,1
2025-04-10,1,1
2025-04-21,1,1
2025-05-17,1,1
2025-06-18,1,1
2025-06-21,1,1
2025-07-05,1,1
2025-07-13,1,1
2025-07-28,1,1
2025-08-03,1,1
2025-08-24,2,1
2025-08-27,2,2
2025-09-05,1,1
2025-09-07,1,1
2025-09-08,1,1
2025-09-14,1,1
2025-09-15,1,1
2025-09-17,1,1
2025-10-12,1,1
2025-10-15,1,1
2025-10-18,1,1
2025-10-19,12,1
2025-10-20,14,1
2025-10-23,1,1
2025-10-31,1,1
2025-11-06,1,1
2025-11-08,6,3
2025-11-11,1,1
2025-11-28,1,1
2025-12-02,1,1
2025-12-05,1,1
2025-12-13,1,1
2025-12-18,1,1
2025-12-22,0,0
2025-12-23,0,0
2025-12-24,0,0
2025-12-25,1,1
2025-12-26,0,0
2025-12-27,0,0
2025-12-28,0,0
2025-12-29,1,1
2025-12-30,0,0
2025-12-31,1,1
2026-01-01,0,0
2026-01-02,0,0
2026-01-03,0,0
2026-01-04,0,0
2026-01-05,0,0
2026-01-06,0,0
2026-01-07,0,0
2026-01-08,1,1
2026-01-09,0,0
2026-01-10,0,0
2026-01-11,0,0
