date,path_1,path_1_count,path_1_uniques,path_2,path_2_count,path_2_uniques,path_3,path_3_count,path_3_uniques,path_4,path_4_count,path_4_uniques,path_5,path_5_count,path_5_uniques,path_6,path_6_count,path_6_uniques,path_7,path_7_count,path_7_uniques,path_8,path_8_count,path_8_uniques,path_9,path_9_count,path_9_uniques,path_10,path_10_count,path_10_uniques
2024-10-09,/piebro/robot-dataset-util,1,1,,,,,,,,,,,,,,,,,,,,,,,,,,,
2024-10-10,/piebro/robot-dataset-util,1,1,,,,,,,,,,,,,,,,,,,,,,,,,,,
2024-10-11,/piebro/robot-dataset-util,1,1,,,,,,,,,,,,,,,,,,,,,,,,,,,
2024-10-12,/piebro/robot-dataset-util,1,1,,,,,,,,,,,,,,,,,,,,,,,,,,,
2024-10-13,/piebro/robot-dataset-util,1,1,,,,,,,,,,,,,,,,,,,,,,,,,,,
2024-10-14,/piebro/robot-dataset-util,1,1,,,,,,,,,,,,,,,,,,,,,,,,,,,
2024-10-15,/piebro/robot-dataset-util,1,1,,,,,,,,,,,,,,,,,,,,,,,,,,,
2024-10-16,/piebro/robot-dataset-util,1,1,,,,,,,,,,,,,,,,,,,,,,,,,,,
2024-10-17,/piebro/robot-dataset-util,1,1,,,,,,,,,,,,,,,,,,,,,,,,,,,
2024-10-18,/piebro/robot-dataset-util,1,1,,,,,,,,,,,,,,,,,,,,,,,,,,,
2024-10-19,/piebro/robot-dataset-util,1,1,,,,,,,,,,,,,,,,,,,,,,,,,,,
2024-10-20,/piebro/robot-dataset-util,1,1,,,,,,,,,,,,,,,,,,,,,,,,,,,
2024-10-21,/piebro/robot-dataset-util,1,1,,,,,,,,,,,,,,,,,,,,,,,,,,,
2026-07-25,/piebro/robot-dataset-util/blob/master/blackbox.py,1,1,,,,,,,,,,,,,,,,,,,,,,,,,,,
2026-07-26,/piebro/robot-dataset-util/blob/master/blackbox.py,1,1,,,,,,,,,,,,,,,,,,,,,,,,,,,
2026-07-27,/piebro/robot-dataset-util/blob/master/blackbox.py,1,1,,,,,,,,,,,,,,,,,,,,,,,,,,,
2026-07-28,/piebro/robot-dataset-util/blob/master/blackbox.py,1,1,,,,,,,,,,,,,,,,,,,,,,,,,,,
2026-07-29,/piebro/robot-dataset-util/blob/master/blackbox.py,1,1,,,,,,,,,,,,,,,,,,,,,,,,,,,
2026-07-30,/piebro/robot-dataset-util/blob/master/blackbox.py,1,1,,,,,,,,,,,,,,,,,,,,,,,,,,,
2026-07-31,/piebro/robot-dataset-util/blob/master/blackbox.py,1,1,,,,,,,,,,,,,,,,,,,,,,,,,,,
2026-08-01,/piebro/robot-dataset-util/blob/master/blackbox.py,1,1,,,,,,,,,,,,,,,,,,,,,,,,,,,
2026-08-02,/piebro/robot-dataset-util/blob/master/blackbox.py,1,1,,,,,,,,,,,,,,,,,,,,,,,,,,,
2026-08-03,/piebro/robot-dataset-util/blob/master/blackbox.py,1,1,,,,,,,,,,,,,,,,,,,,,,,,,,,
2026-08-04,/piebro/robot-dataset-util/blob/master/blackbox.py,1,1,,,,,,,,,,,,,,,,,,,,,,,,,,,
2026-08-05,/piebro/robot-dataset-util/blob/master/blackbox.py,1,1,,,,,,,,,,,,,,,,,,,,,,,,,,,
2026-08-06,/piebro/robot-dataset-util/blob/master/blackbox.py,1,1,,,,,,,,,,,,,,,,,,,,,,,,,,,
2026-08-07,/piebro/robot-dataset-util/blob/master/blackbox.py,1,1,,,,,,,,,,,,,,,,,,,,,,,,,,,
2026-08-12,/piebro/robot-dataset-util,1,1,,,,,,,,,,,,,,,,,,,,,,,,,,,
2026-08-13,/piebro/robot-dataset-util,1,1,,,,,,,,,,,,,,,,,,,,,,,,,,,
2026-08-14,/piebro/robot-dataset-util,1,1,,,,,,,,,,,,,,,,,,,,,,,,,,,
2026-08-14,/piebro/robot-dataset-util,1,1,,,,,,,,,,,,,,,,,,,,,,,,,,,
2026-08-15,/piebro/robot-dataset-util,1,1,,,,,,,,,,,,,,,,,,,,,,,,,,,
2026-08-16,/piebro/robot-dataset-util,1,1,,,,,,,,,,,,,,,,,,,,,,,,,,,
2026-08-17,/piebro/robot-dataset-util,1,1,,,,,,,,,,,,,,,,,,,,,,,,,,,
2026-08-18,/piebro/robot-dataset-util,1,1,,,,,,,,,,,,,,,,,,,,,,,,,,,
2026-08-19,/piebro/robot-dataset-util,1,1,,,,,,,,,,,,,,,,,,,,,,,,,,,
2026-08-20,/piebro/robot-dataset-util,1,1,,,,,,,,,,,,,,,,,,,,,,,,,,,
2026-08-21,/piebro/robot-dataset-util,1,1,,,,,,,,,,,,,,,,,,,,,,,,,,,
2026-08-22,/piebro/robot-dataset-util,1,1,,,,,,,,,,,,,,,,,,,,,,,,,,,
2026-08-23,/piebro/robot-dataset-util,1,1,,,,,,,,,,,,,,,,,,,,,,,,,,,
2026-08-24,/piebro/robot-dataset-util,1,1,,,,,,,,,,,,,,,,,,,,,,,,,,,
2026-08-25,/piebro/robot-dataset-util,1,1,,,,,,,,,,,,,,,,,,,,,,,,,,,
2026-08-27,/piebro/robot-dataset-util,1,1,,,,,,,,,,,,,,,,,,,,,,,,,,,
2026-08-28,/piebro/robot-dataset-util,1,1,,,,,,,,,,,,,,,,,,,,,,,,,,,
2026-08-29,/piebro/robot-dataset-util,1,1,,,,,,,,,,,,,,,,,,,,,,,,,,,
2026-08-30,/piebro/robot-dataset-util,1,1,,,,,,,,,,,,,,,,,,,,,,,,,,,
2026-08-31,/piebro/robot-dataset-util,1,1,,,,,,,,,,,,,,,,,,,,,,,,,,,
